{"cameraMode":{"drawMode":0,"name":"Shaded","section":"Shading Mode"},"sceneLighting":true,"audioPlay":false,"sceneViewState":{"m_AlwaysRefresh":false,"showFog":true,"showSkybox":true,"showFlares":true,"showImageEffects":true,"showParticleSystems":true,"showVisualEffectGraphs":true,"m_FxEnabled":true},"in2DMode":false,"pivot":{"x":0.10108858346939087,"y":1.1749324798583985,"z":1.0746309757232667},"rotation":{"x":0.09631134569644928,"y":0.7669286727905273,"z":-0.11851517111063004,"w":0.6233492493629456},"size":3.1627023220062258,"orthographic":false}